P. Name,P. Zone Class,P. Mass Class,P. Composition Class,P. Atmosphere Class,P. Density (EU),P. Gravity (EU),P. Esc Vel (EU),P. SFlux Min (EU),P. SFlux Mean (EU),P. SFlux Max (EU),P. Teq Max (K),P. Mag,P. Appar Size (deg),P. Eccentricity,P. Mean Distance (AU),P. Omega (deg),S. Mass (SU),S. Teff (K),S. [Fe/H],S. Age (Gyrs),S. Appar Mag,S. Distance (pc),S. RA (hrs),S. DEC (deg),S. Mag from Planet,S. Size from Planet (deg),S. No. Planets,S. No. Planets HZ,S. Hab Zone Max (AU),P. HZD,P. HZC,P. HZA,P. HZI,P. SPH,P. ESI,S. HabCat,P. Habitable,P. Hab Moon,P. Confirmed,P. Habitable Class
GJ 163 c,Warm,Superterran,rocky-iron,metals-rich,1.19,2.17,1.99,0.5515569,0.6630019,0.804139,241.3,-18.05,3.48,0.09,0.12,235.4,0.4,3840.0,-0.06027140851661208,3.0,11.8,15.0,4.1544,-53.3736,-26.3,0.9881,3,1,0.212,-0.34,-0.14,0.81,0.53,0.08,0.73,0,1,0,1,psychroplanet
GJ 667 C e,Warm,Terran,rocky-iron,metals-rich,0.99,1.39,1.39,0.290249,0.3020295,0.3144201,190.8,-16.59,2.65,0.02,0.21,28.6,0.33,3350.0,-0.55,2.0,10.2,6.8,17.3158,-34.9897,-25.4,0.8714,6,3,0.251,0.51,-0.16,0.23,0.63,0.0,0.6,0,1,0,0,psychroplanet
GJ 667 C f,Warm,Terran,rocky-iron,metals-rich,0.99,1.39,1.39,0.5306531,0.5632069000000001,0.5983137,224.1,-17.28,2.65,0.03,0.16,103.0,0.33,3350.0,-0.55,2.0,10.2,6.8,17.3158,-34.9897,-26.1,1.19,6,3,0.251,-0.22,-0.16,0.08,0.78,0.0,0.77,0,1,0,0,psychroplanet
GJ 682 c,Warm,Superterran,rocky-iron,hydrogen-rich,1.24,2.37,2.13,0.3020603,0.3673006,0.45118450000000004,208.8,-17.51,3.64,0.1,0.18,320.9,0.27,3028.0,-0.06027140851661208,4.184758828596038,13.4,5.08,17.6177,-43.6808,-25.6,1.1831,2,1,0.232,0.23,-0.14,1.19,0.45,0.0,0.59,0,1,0,0,psychroplanet
GJ 3293 d,Warm,Superterran,rocky-iron,metals-rich,1.2,2.22,2.03,0.44768679999999994,0.5656049,0.7251003,235.1,-17.91,3.52,0.12,0.19,322.0,0.42,3466.0,0.02,4.184758828596038,12.0,17.9,4.4767,-25.1692,-26.1,1.1179,4,2,0.309,-0.21,-0.14,0.91,0.52,0.0,0.7,0,1,0,1,psychroplanet
HD 40307 g,Warm,Superterran,rocky-iron,metals-rich,1.18,2.15,1.98,0.3895282,0.6771687,1.285592,271.3,-18.1,3.45,0.29,0.57,91.2,0.77,4977.0,-0.31,1.2,7.2,12.8,5.9011,-60.0233,-26.4,0.6042,6,1,0.917,-0.15,-0.14,0.77,0.56,0.04,0.74,1,1,0,0,psychroplanet
Kapteyn b,Warm,Terran,rocky-iron,metals-rich,1.09,1.79,1.71,0.2900587,0.4342851,0.6803408000000001,231.4,-17.37,3.11,0.21,0.16,80.4,0.28,3550.0,-0.86,8.0,8.8,3.91,5.1947,-45.0183,-25.8,0.9409,2,1,0.232,0.12,-0.15,0.57,0.63,0.0,0.67,0,1,0,0,psychroplanet
Kepler-62 f,Warm,Terran,rocky-iron,metals-rich,1.0,1.41,1.41,0.388223,0.388223,0.388223,201.1,-16.89,2.68,0.0,0.72,0.0,0.69,4869.0,-0.21,7.0,14.0,368.0,18.8808,45.3499,-25.7,0.4676,5,2,0.857,0.45,-0.16,0.19,0.66,0.0,0.67,0,1,0,1,psychroplanet
Kepler-150 f,Warm,Superterran,gas,metals-rich,0.19,0.68,1.57,0.4927213,0.4927213,0.4927214,213.4,-19.22,6.92,0.0,1.24,0.0,0.63,5560.0,-0.136,4.184758828596038,13.4,973.0,19.2156,40.5209,-26.0,0.404,5,1,1.569,0.28,2.88,0.35,0.26,0.0,0.53,0,0,0,1,psychroplanet
Kepler-174 d,Warm,Superterran,rocky-iron,hydrogen-rich,1.42,3.1,2.6,0.42675159999999995,0.42675159999999995,0.42675169999999996,205.9,-17.95,4.15,0.0,0.68,0.0,0.68,4880.0,-0.556,4.184758828596038,13.4,360.0,19.1626,43.8321,-25.8,0.488,3,1,0.846,0.32,-0.13,1.77,0.36,0.0,0.61,0,1,0,1,psychroplanet
Kepler-296 f,Warm,Superterran,rocky-iron,metals-rich,1.15,2.01,1.87,0.2687829,0.3395788,0.4353369000000001,206.9,-17.22,3.33,0.12,0.28,0.0,0.45,3572.0,-0.12,4.2,10.1,226.0,19.1027,49.4373,-25.6,0.8155,5,2,0.34700000000000003,0.4,-0.14,0.86,0.51,0.0,0.6,0,1,0,1,psychroplanet
Kepler-442 b,Warm,Terran,rocky-iron,metals-rich,0.97,1.3,1.32,0.6466799,0.6999820999999999,0.7589214,237.8,-17.42,2.55,0.04,0.41,0.0,0.61,4402.0,-0.37,2.9,7.7,342.0,19.0244,39.2801,-26.3,0.7685,1,1,0.6809999999999999,-0.34,-0.16,-0.06,0.73,0.04,0.84,0,1,0,1,psychroplanet
Kepler-1229 b,Warm,Terran,rocky-iron,metals-rich,0.99,1.39,1.4,0.4901548,0.4901549,0.4901549,213.2,-17.13,2.66,0.0,0.31,0.0,0.54,3784.0,-0.06027140851661208,3.72,15.5,236.0,19.8324,46.9967,-26.0,0.8699,1,1,0.456,-0.03,-0.16,0.12,0.83,0.0,0.73,0,1,0,1,psychroplanet
Kepler-1652 b,Warm,Terran,rocky-iron,metals-rich,0.9,1.01,1.06,0.6504719,0.650472,0.6504722,228.8,-16.95,2.13,0.0,0.16,0.0,0.36,3482.0,-0.1,4.184758828596038,13.4,252.0,19.6244,49.9151,-26.3,1.1835,1,1,0.27,-0.35,-0.17,-0.37,0.65,0.0,0.85,0,1,0,1,psychroplanet
LHS 1140 b,Warm,Terran,rocky-iron,hydrogen-rich,2.26,3.23,2.15,0.23418049999999999,0.4071072,0.7728854000000001,238.9,-17.03,2.72,0.29,0.08,0.0,0.15,3131.0,-0.24,5.0,14.2,12.47,0.7497,-15.2714,-25.8,1.1837,1,1,0.118,0.18,-0.82,1.17,0.41,0.0,0.68,0,1,0,1,psychroplanet
Proxima Cen b,Warm,Terran,rocky-iron,metals-rich,0.9,1.01,1.07,0.6562118,0.6562118,0.6562119000000001,229.3,-16.96,2.13,0.0,0.05,0.0,0.12,3050.0,-0.06027140851661208,4.184758828596038,11.1,1.29,14.4953,-62.6794,-26.3,1.5493,1,1,0.086,-0.39,-0.17,-0.37,0.64,0.0,0.85,0,1,0,1,psychroplanet
TRAPPIST-1 e,Warm,Terran,rocky-iron,metals-rich,0.82,0.76,0.83,0.6544079,0.654408,0.6544082,229.1,-16.52,1.74,0.0,0.03,0.0,0.08,2550.0,0.04,0.5,18.8,12.1,23.1081,-5.0414,-26.3,2.2135,7,4,0.051,-0.42,-0.15,-0.67,0.56,0.0,0.85,0,1,0,1,psychroplanet
TRAPPIST-1 f,Warm,Terran,rocky-water,metals-rich,0.59,0.61,0.8,0.3772893,0.3772893,0.3772893,199.7,-16.2,1.98,0.0,0.04,0.0,0.08,2550.0,0.04,0.5,18.8,12.1,23.1081,-5.0414,-25.7,1.6807,7,4,0.051,0.14,0.27,-0.64,0.59,0.0,0.68,0,1,0,1,psychroplanet
Kepler-1638 b,Warm,Superterran,rocky-iron,metals-rich,1.21,2.26,2.06,1.3873799999999998,1.3873799999999998,1.387381,276.5,-18.9,3.56,0.0,0.79,0.0,0.97,5710.0,-0.06027140851661208,4.37,14.8,879.0,19.6988,48.5244,-27.1,0.6427,1,1,1.65,-0.81,-0.14,0.66,0.49,0.02,0.76,0,1,0,1,mesoplanet
Kepler-443 b,Warm,Superterran,rocky-iron,hydrogen-rich,1.54,3.6,2.9,0.7188641,0.8910313,1.1180709999999998,262.0,-18.9,4.43,0.11,0.49,0.0,0.74,4723.0,-0.01,3.2,6.8,779.0,19.2407,49.9686,-26.6,0.7552,1,1,0.903,-0.53,-0.12,1.83,0.34,0.98,0.71,0,1,0,1,mesoplanet
Kepler-705 b,Warm,Superterran,rocky-iron,hydrogen-rich,1.36,2.86,2.46,0.832599,0.8325992,0.8325992,243.4,-18.6,4.0,0.0,0.23,0.0,0.53,3722.0,-0.06027140851661208,3.89,15.8,251.0,19.3006,41.8121,-26.5,1.1719,1,1,0.443,-0.56,-0.13,1.31,0.41,0.79,0.74,0,1,0,1,mesoplanet
K2-18 b,Warm,Superterran,rocky-iron,hydrogen-rich,1.46,3.28,2.71,0.9243239999999999,0.9243239999999999,0.9243242,249.8,-18.85,4.26,0.0,0.15,0.0,0.41,3503.0,0.09,4.184758828596038,13.5,34.0,11.504,7.5884,-26.6,1.394,2,1,0.304,-0.66,-0.12,1.59,0.37,1.0,0.73,0,1,0,1,mesoplanet
Kepler-1540 b,Warm,Superterran,rocky-iron,hydrogen-rich,1.71,4.25,3.25,0.9229546999999999,0.9229549000000001,0.9229552,249.7,-19.07,4.73,0.0,0.44,0.0,0.74,4540.0,-0.06027140851661208,2.51,14.1,262.0,18.8896,41.2017,-26.6,0.8293,1,1,0.8390000000000001,-0.59,-0.11,2.25,0.3,0.99,0.7,0,1,0,1,mesoplanet
Kepler-61 b,Warm,Superterran,rocky-iron,hydrogen-rich,1.39,2.99,2.54,0.7885342,1.272237,2.1899319999999998,309.9,-19.14,4.09,0.25,0.26,0.0,0.64,4017.0,0.03,1.0,15.0,326.0,19.6869,42.4753,-27.0,1.2639,1,1,0.614,-0.84,-0.13,1.24,0.4,0.27,0.73,0,1,0,1,mesoplanet
TRAPPIST-1 d,Warm,Subterran,rocky-iron,metals-rich,0.9,0.69,0.73,1.129725,1.129725,1.129725,262.7,-16.74,1.47,0.0,0.02,0.0,0.08,2550.0,0.04,0.5,18.8,12.1,23.1081,-5.0414,-26.9,2.9085,7,4,0.051,-0.84,-0.29,-0.86,0.45,0.9,0.9,0,1,0,1,mesoplanet
tau Cet e,Warm,Terran,rocky-iron,metals-rich,1.07,1.7,1.64,1.369828,1.512054,1.673311,289.8,-18.64,3.02,0.05,0.55,313.5,0.78,5344.0,-0.55,5.8,3.5,3.65,1.7344,-15.9375,-27.2,0.7665,7,1,1.246,-0.92,-0.15,0.16,0.51,0.0,0.78,0,1,0,0,mesoplanet
Wolf 1061 c,Warm,Terran,rocky-iron,metals-rich,1.03,1.53,1.51,1.128213,1.398419,1.754743,293.2,-18.42,2.83,0.11,0.09,37.0,0.25,3305.0,-0.09,4.184758828596038,10.1,4.29,16.505,-12.6626,-27.1,1.9321,3,1,0.225,-0.96,-0.15,0.02,0.51,0.17,0.82,0,1,0,1,mesoplanet
Kepler-452 b,Warm,Superterran,rocky-iron,metals-rich,1.09,1.77,1.7,1.109832,1.109832,1.109833,261.5,-18.35,3.1,0.0,1.05,0.0,1.04,5757.0,0.21,6.0,13.4,430.0,19.7336,44.2776,-26.8,0.5655,1,1,1.952,-0.61,-0.15,0.3,0.59,0.93,0.83,0,1,0,1,mesoplanet
Ross 128 b,Warm,Terran,rocky-iron,metals-rich,0.91,1.05,1.1,1.176261,1.474785,1.874486,298.1,-17.92,2.19,0.12,0.05,0.0,0.17,3192.0,-0.02,5.0,11.2,3.38,11.7957,0.8046,-27.2,2.1279,1,1,0.13,-0.99,-0.17,-0.46,0.48,0.21,0.86,0,1,0,1,mesoplanet
Kepler-62 e,Warm,Superterran,rocky-iron,metals-rich,1.08,1.74,1.68,1.097676,1.097676,1.097677,260.8,-18.32,3.07,0.0,0.43,0.0,0.69,4869.0,-0.21,7.0,14.0,368.0,18.8808,45.3499,-26.8,0.7863,5,2,0.857,-0.7,-0.15,0.28,0.56,0.96,0.83,0,1,0,1,mesoplanet
Kepler-1090 b,Warm,Superterran,rocky-iron,hydrogen-rich,1.47,3.32,2.73,1.20485,1.20485,1.2048510000000001,266.9,-19.15,4.28,0.0,0.63,0.0,0.86,5321.0,-0.06027140851661208,4.37,15.0,702.0,19.7109,44.5258,-26.9,0.6898,1,1,1.28,-0.74,-0.12,1.5,0.37,0.23,0.72,0,1,0,1,mesoplanet
GJ 273 b,Warm,Terran,rocky-iron,metals-rich,1.0,1.43,1.43,1.003524,1.220269,1.4989540000000001,281.9,-18.17,2.7,0.1,0.09,0.0,0.29,3382.0,0.09,4.184758828596038,9.9,3.8,7.4568,5.2258,-27.0,1.7227,2,1,0.215,-0.86,-0.16,-0.05,0.53,0.79,0.86,0,1,0,1,mesoplanet
Kepler-438 b,Warm,Terran,rocky-iron,metals-rich,0.9,1.01,1.06,1.298292,1.3779370000000002,1.46383,280.2,-17.77,2.13,0.03,0.17,0.0,0.54,3748.0,0.16,4.4,9.6,145.0,18.7764,41.9511,-27.1,1.4871,1,1,0.407,-0.94,-0.17,-0.49,0.48,0.5,0.88,0,1,0,1,mesoplanet
GJ 422 b,Warm,Superterran,rocky-iron,hydrogen-rich,1.28,2.53,2.24,0.6164305999999999,0.6804333,0.7529996999999999,237.3,-18.25,3.76,0.05,0.12,246.4,0.35,3323.0,-0.06027140851661208,4.184758828596038,11.5,12.67,11.2667,-56.4523,-26.3,1.3345,1,1,0.21,-0.41,-0.13,1.11,0.46,0.17,0.71,0,1,0,0,mesoplanet
GJ 667 C c,Warm,Terran,rocky-iron,metals-rich,1.05,1.61,1.57,0.8427715,0.8769776,0.9129552,249.0,-17.97,2.92,0.02,0.12,292.0,0.33,3350.0,-0.55,2.0,10.2,6.8,17.3158,-34.9897,-26.6,1.4848,6,3,0.251,-0.62,-0.15,0.21,0.6,0.64,0.84,0,1,0,1,mesoplanet
Kepler-1410 b,Warm,Superterran,rocky-iron,metals-rich,1.16,2.07,1.92,1.344376,1.344376,1.344376,274.3,-18.76,3.38,0.0,0.26,0.0,0.63,4092.0,-0.06027140851661208,4.07,15.8,367.0,19.3673,38.7435,-27.1,1.232,1,1,0.614,-0.91,-0.14,0.51,0.49,0.11,0.78,0,1,0,1,mesoplanet
HD 156279 b,Hot,Jovian,gas,hydrogen-rich,1.99,23.01,16.33,1.088823,4.497087,37.23798,629.3,-24.54,22.15,0.71,0.35,264.2,0.93,5453.0,0.14,4.0,8.1,36.6,17.2064,63.3522,-28.7,1.5149,1,0,1.605,-1.3,11.2,13.96,0.05,0.0,0.24,1,0,0,1,non-habitable
Kepler-431 c,Hot,Subterran,rocky-iron,no-atmosphere,0.79,0.53,0.59,193.7898,193.7899,193.7899,950.6,-22.04,1.27,0.0,0.08,0.0,1.07,6004.0,0.07,4.184758828596038,13.4,424.0,18.7408,43.2278,-32.5,6.8748,3,0,2.045,-2.34,-0.19,-1.36,0.27,0.0,0.29,0,0,0,1,non-habitable
HIP 11915 b,Cold,Jovian,gas,hydrogen-rich,0.29,3.0,5.54,0.03793859,0.04613274,0.0566685,124.3,-18.9,19.58,0.1,4.78,155.0,1.0,5760.0,-0.059,4.0,8.6,57.3,2.5636,-19.6119,-23.4,0.1159,1,0,1.821,6.69,6.45,8.12,0.07,0.0,0.17,0,0,0,1,non-habitable
Kepler-513 b,Hot,Superterran,rocky-iron,metals-rich,1.43,3.13,2.62,34.35313,34.35314,34.35314,616.8,-22.75,4.17,0.0,0.19,0.0,1.02,5849.0,-0.06027140851661208,5.5,12.9,467.0,19.0028,50.0754,-30.6,3.0485,1,0,1.909,-2.14,-0.13,0.31,0.32,0.0,0.28,0,0,0,1,non-habitable
Kepler-1556 b,Hot,Superterran,rocky-iron,metals-rich,1.26,2.47,2.2,117.0242,117.0242,117.0243,837.9,-23.84,3.73,0.0,0.08,0.0,0.97,5608.0,-0.06027140851661208,4.9,15.2,1060.0,19.2265,40.2132,-31.9,6.1227,1,0,1.606,-2.28,-0.14,-0.26,0.3,0.0,0.27,0,0,0,1,non-habitable
Kepler-89 c,Hot,Neptunian,gas,metals-rich,0.19,0.83,1.9,351.2449,351.245,351.245,1102.9,-26.76,8.22,0.0,0.1,0.0,1.25,6116.0,-0.01,3.9,12.4,424.0,19.8222,41.8911,-33.1,8.9232,4,0,3.188,-2.39,3.14,-0.62,0.2,0.0,0.17,0,0,0,1,non-habitable
tau Boo b,Hot,Jovian,gas,hydrogen-rich,1.11,13.17,12.51,1022.829,1193.773,1402.072,1559.0,-30.3,22.71,0.08,0.05,218.4,1.3,6309.0,0.28,2.52,4.5,15.6,13.7881,17.4561,-34.5,15.5151,1,0,2.685,-2.45,9.64,4.52,0.08,0.0,0.08,0,0,0,1,non-habitable
WASP-69 b,Hot,Jovian,gas,metals-rich,0.05,0.59,2.64,143.1399,143.1399,143.1399,881.2,-27.98,22.64,0.0,0.05,0.0,0.83,4715.0,0.14400000000000002,2.0,9.9,50.0,21.0017,-5.0945,-32.1,9.586,1,0,1.051,-2.24,9.61,-0.01,0.09,0.0,0.08,0,0,0,1,non-habitable
Kepler-657 b,Hot,Neptunian,gas,metals-rich,0.2,0.7,1.57,37.887,37.88701,37.88701,632.1,-23.88,6.69,0.0,0.17,0.0,1.01,5808.0,-0.06027140851661208,4.17,15.3,1244.0,19.4132,47.3078,-30.7,3.2469,1,0,1.8,-2.16,2.73,-0.53,0.22,0.0,0.22,0,0,0,1,non-habitable
Kepler-304 b,Hot,Neptunian,gas,metals-rich,0.19,0.55,1.26,140.6924,140.6924,140.6924,877.4,-24.86,5.43,0.0,0.04,0.0,0.8,4731.0,0.523,4.184758828596038,13.4,424.0,19.6295,40.5576,-32.1,9.4392,4,0,0.897,-2.24,2.49,-0.91,0.22,0.0,0.22,0,0,0,1,non-habitable
Kepler-1355 b,Hot,Terran,rocky-iron,metals-rich,1.02,1.48,1.47,1027.625,1027.626,1027.626,1442.5,-25.56,2.77,0.0,0.02,0.0,0.88,5352.0,-0.06027140851661208,4.27,15.5,963.0,18.9161,49.06800000000001,-34.3,20.0129,1,0,1.307,-2.38,-0.16,-0.98,0.28,0.0,0.28,0,0,0,1,non-habitable
Kepler-941 b,Hot,Neptunian,gas,metals-rich,0.2,0.6,1.36,39.0365,39.0365,39.0365,636.8,-23.63,5.86,0.0,0.13,0.0,0.89,5539.0,-0.06027140851661208,4.07,15.6,1105.0,19.6218,47.2176,-30.7,3.6238,1,0,1.4269999999999998,-2.15,2.57,-0.69,0.23,0.0,0.24,0,0,0,1,non-habitable
Kepler-444 c,Hot,Subterran,rocky-iron,no-atmosphere,0.75,0.37,0.42,110.0798,139.0742,178.2919,931.0,-21.01,0.93,0.12,0.05,0.0,0.76,5046.0,-0.55,11.23,9.0,424.0,19.3169,41.6347,-32.1,8.2774,5,0,1.082,-2.26,-0.19,-1.45,0.27,0.0,0.26,0,0,0,1,non-habitable
CoRoT-7 c,Hot,Neptunian,gas,metals-rich,0.2,0.81,1.82,203.8838,257.5857,330.2225,1086.0,-26.31,7.77,0.12,0.05,0.0,0.93,5313.0,0.03,1.5,11.7,150.0,6.7303,-1.0628,-32.8,10.1658,2,0,1.355,-2.32,2.98,-0.63,0.21,0.0,0.24,0,0,0,1,non-habitable
Kepler-319 c,Hot,Neptunian,gas,metals-rich,0.19,0.5,1.15,142.3378,142.3378,142.3378,880.0,-24.69,5.0,0.0,0.07,0.0,1.29,5526.0,0.487,4.184758828596038,13.4,424.0,19.2541,39.7707,-32.1,6.9553,3,0,1.4880000000000002,-2.3,2.43,-0.98,0.22,0.0,0.23,0,0,0,1,non-habitable
Kepler-137 c,Hot,Superterran,rocky-iron,metals-rich,1.22,2.29,2.08,24.59507,24.59507,24.59507,567.4,-22.05,3.58,0.0,0.13,0.0,0.84,5187.0,-0.12,4.184758828596038,13.4,424.0,18.809,43.0391,-30.2,3.2799,2,0,1.2009999999999998,-2.06,-0.14,-0.05,0.33,0.0,0.31,0,0,0,1,non-habitable
Kepler-160 b,Hot,Terran,rocky-iron,metals-rich,1.05,1.61,1.57,327.0515,327.0515,327.0515,1083.4,-24.42,2.92,0.0,0.05,0.0,0.9,5857.0,-0.361,4.184758828596038,13.4,424.0,19.1849,42.8693,-33.0,9.3898,2,0,1.588,-2.37,-0.15,-0.81,0.28,0.0,0.28,0,0,0,1,non-habitable
Kepler-1065 c,Hot,Superterran,rocky-iron,metals-rich,1.08,1.72,1.66,673.8878,673.8878,673.8879,1298.1,-25.31,3.04,0.0,0.03,0.0,0.94,5635.0,-0.06027140851661208,4.47,15.5,1078.0,19.6341,38.7905,-33.8,14.5845,2,0,1.584,-2.39,-0.15,-0.84,0.28,0.0,0.28,0,0,0,1,non-habitable
